,url,expose_id,city,living_space,purchase_price,monthly_price,notary_costs,entry_land_register,land_transfer,broker_commission_percentage,broker_commission,total_additional_costs,foreclosure,rent_price_index,price_per_m2,total_purchase_price,equity,debt,interest_rate_monthly,mortgage_payment_yearly,mortgage_payment_monthly,monthly_rent,additional_costs,cashflow,ROI
0,https://www.immobilienscout24.de/expose/122371852,122371852,Essen,193.0,990000.0,2352.0,14850.0,4950.0,64350.0,3.48,34452.0,118602.0,False,11.75,5129.533678756477,1108602.0,221720.40000000002,886881.6,739.0680000000001,17737.632,1478.1360000000002,2267.75,173.70000000000002,-123.15400000000042,-0.006665367733415621
1,https://www.immobilienscout24.de/expose/117589353,117589353,Essen,101.0,432500.0,1040.0,6487.5,2162.5,28112.5,4.64,20068.0,56830.5,False,11.75,4282.178217821782,489330.5,97866.1,391464.4,326.2203333333334,7829.2880000000005,652.4406666666667,1186.75,90.9,117.18899999999982,0.014369306634268636
2,https://www.immobilienscout24.de/expose/117931345,117931345,Essen,146.0,495000.0,1177.0,7425.0,2475.0,32175.0,3.57,17671.5,59746.5,False,11.75,3390.4109589041095,554746.5,110949.3,443797.2,369.8310000000001,8875.944000000001,739.6620000000001,1715.5,131.4,474.60699999999974,0.05133231124486587
3,https://www.immobilienscout24.de/expose/119322777,119322777,Essen,106.0,169000.0,418.0,2535.0,845.0,10985.0,5.0,8450.0,22815.0,False,11.75,1594.3396226415093,191815.0,38363.0,153452.0,127.87666666666667,3069.04,255.75333333333333,1245.5,95.4,766.4700000000001,0.23975288689622817
4,https://www.immobilienscout24.de/expose/111852471,111852471,Essen,66.0,99990.0,244.0,1499.85,499.95,6499.35,4.78,4779.522,13278.672,False,11.75,1515.0,113268.672,22653.7344,90614.9376,75.512448,1812.2987520000001,151.024896,775.5,59.4,489.56265600000006,0.25932818705599375
5,https://www.immobilienscout24.de/expose/119761744,119761744,Essen,59.0,84990.0,207.0,1274.85,424.95,5524.35,4.76,4045.5240000000003,11269.673999999999,False,11.49,1440.5084745762713,96259.674,19251.9348,77007.7392,64.17311600000001,1540.154784,128.34623200000001,677.91,53.1,432.2906519999999,0.26945280450461523
6,https://www.immobilienscout24.de/expose/111087784,111087784,Essen,68.0,99990.0,244.0,1499.85,499.95,6499.35,4.78,4779.522,13278.672,False,11.75,1470.4411764705883,113268.672,22653.7344,90614.9376,75.512448,1812.2987520000001,151.024896,799.0,61.2,511.26265600000005,0.2708229806031451
7,https://www.immobilienscout24.de/expose/122372523,122372523,Essen,135.0,650000.0,1544.0,9750.0,3250.0,42250.0,3.48,22620.0,77870.0,False,11.75,4814.814814814815,727870.0,145574.0,582296.0,485.24666666666667,11645.92,970.4933333333333,1586.25,121.5,9.009999999999991,0.000742715045269072
8,https://www.immobilienscout24.de/expose/122374562,122374562,Essen,172.0,950000.0,2257.0,14250.0,4750.0,61750.0,3.48,33060.0,113810.0,False,11.75,5523.2558139534885,1063810.0,212762.0,851048.0,709.2066666666666,17020.96,1418.4133333333332,2021.0,154.8,-261.4199999999997,-0.014744362245137742
9,https://www.immobilienscout24.de/expose/117410684,117410684,Essen,148.0,895000.0,2126.0,13425.0,4475.0,58175.0,3.48,31146.0,107221.0,False,11.75,6047.2972972972975,1002221.0,200444.2,801776.8,668.1473333333334,16035.536000000002,1336.294666666667,1739.0,133.20000000000002,-398.6420000000003,-0.023865514691869375
10,https://www.immobilienscout24.de/expose/121229971,121229971,Essen,90.0,169000.0,414.0,2535.0,845.0,10985.0,3.98,6726.2,21091.2,False,11.75,1877.7777777777778,190091.2,38018.240000000005,152072.96000000002,126.7274666666667,3041.4592000000007,253.4549333333334,1057.5,81.0,596.3175999999999,0.18822047522452373
11,https://www.immobilienscout24.de/expose/122133957,122133957,Essen,174.0,529000.0,1272.0,7935.0,2645.0,34385.0,4.64,24545.6,69510.6,False,11.75,3040.229885057471,598510.6,119702.12,478808.48,399.0070666666666,9576.1696,798.0141333333332,2044.5,156.6,690.8788000000002,0.0692598059249076
12,https://www.immobilienscout24.de/expose/122592897,122592897,Essen,103.0,329000.0,791.0,4935.0,1645.0,21385.0,4.64,15265.6,43230.6,False,11.75,3194.1747572815534,372230.6,74446.12,297784.48,248.15373333333332,5955.6896,496.30746666666664,1210.25,92.7,373.08880000000005,0.06013833360287952
13,https://www.immobilienscout24.de/expose/122436355,122436355,Essen,67.0,141200.0,319.0,2118.0,706.0,9178.0,0.0,0.0,12002.0,False,11.75,2107.4626865671644,153202.0,30640.4,122561.6,102.13466666666666,2451.232,204.26933333333332,787.25,60.300000000000004,420.546,0.1647025495750708
14,https://www.immobilienscout24.de/expose/121875599,121875599,Essen,166.0,429500.0,950.0,6442.5,2147.5,27917.5,0.0,0.0,36507.5,False,11.75,2587.3493975903616,466007.5,93201.5,372806.0,310.6716666666667,7456.12,621.3433333333334,1950.5,149.4,869.085,0.11189755529685681
15,https://www.immobilienscout24.de/expose/122436351,122436351,Essen,107.0,229600.0,507.0,3444.0,1148.0,14924.0,0.0,0.0,19516.0,False,11.75,2145.7943925233644,249116.0,49823.200000000004,199292.8,166.0773333333333,3985.8559999999998,332.1546666666666,1257.25,96.3,662.7180000000001,0.15961672473867597
16,https://www.immobilienscout24.de/expose/122002439,122002439,Essen,191.0,569000.0,1353.0,8535.0,2845.0,36985.0,3.57,20313.3,68678.3,False,11.75,2979.057591623037,637678.3,127535.66000000002,510142.64,425.1188666666667,10202.8528,850.2377333333334,2244.25,171.9,796.9934,0.07499016980819324
17,https://www.immobilienscout24.de/expose/122515133,122515133,Essen,58.0,128000.0,315.0,1920.0,640.0,8320.0,4.0,5120.0,16000.0,False,11.49,2206.896551724138,144000.0,28800.0,115200.0,96.0,2304.0,192.0,666.42,52.2,326.21999999999997,0.135925
18,https://www.immobilienscout24.de/expose/122515457,122515457,Essen,58.75,88000.0,219.0,1320.0,440.0,5720.0,6.82,6001.6,13481.6,False,11.49,1497.872340425532,101481.6,20296.320000000003,81185.28,67.6544,1623.7056,135.3088,675.0375,52.875,419.1993,0.24784747185696712
19,https://www.immobilienscout24.de/expose/122345163,122345163,Essen,169.0,483000.0,1068.0,7245.0,2415.0,31395.0,0.0,0.0,41055.0,False,11.75,2857.9881656804732,524055.0,104811.0,419244.0,349.37000000000006,8384.880000000001,698.7400000000001,1985.75,152.1,785.5399999999997,0.08993788819875773
20,https://www.immobilienscout24.de/expose/121609000,121609000,Essen,87.0,140000.0,347.0,2100.0,700.0,9100.0,4.64,6496.0,18396.0,False,11.75,1609.1954022988505,158396.0,31679.2,126716.8,105.59733333333334,2534.3360000000002,211.19466666666668,1022.25,78.3,627.158,0.23756584762241473
21,https://www.immobilienscout24.de/expose/122566328,122566328,Essen,85.0,299000.0,661.0,4485.0,1495.0,19435.0,0.0,0.0,25415.0,False,11.75,3517.6470588235293,324415.0,64883.0,259532.0,216.27666666666667,5190.64,432.55333333333334,998.75,76.5,273.42,0.0505685618729097
22,https://www.immobilienscout24.de/expose/122578380,122578380,Essen,94.0,139000.0,342.0,2085.0,695.0,9035.0,4.0,5560.0,17375.0,False,11.75,1478.723404255319,156375.0,31275.0,125100.0,104.25,2502.0,208.5,1104.5,84.60000000000001,707.15,0.2713285371702638
23,https://www.immobilienscout24.de/expose/122613521,122613521,Essen,57.81,149400.0,338.0,2241.0,747.0,9711.0,0.0,0.0,12699.0,False,11.49,2584.3279709392837,162099.0,32419.800000000003,129679.2,108.06599999999999,2593.584,216.13199999999998,664.2369,52.029,288.0099,0.10660518571983787
24,https://www.immobilienscout24.de/expose/119765448,119765448,Essen,100.0,230000.0,553.0,3450.0,1150.0,14950.0,4.64,10672.0,30222.0,False,11.75,2300.0,260222.0,52044.4,208177.6,173.48133333333337,4163.552000000001,346.96266666666673,1175.0,90.0,564.5559999999998,0.13017100783177435
25,https://www.immobilienscout24.de/expose/104486552,104486552,Essen,84.0,284900.0,630.0,4273.5,1424.5,18518.5,0.0,0.0,24216.5,False,11.75,3391.6666666666665,309116.5,61823.3,247293.2,206.0776666666667,4945.8640000000005,412.1553333333334,987.0,75.60000000000001,293.1669999999999,0.05690417690417689
26,https://www.immobilienscout24.de/expose/119945063,119945063,Essen,60.0,79000.0,192.0,1185.0,395.0,5135.0,4.64,3665.6,10380.6,False,11.49,1316.6666666666667,89380.6,17876.120000000003,71504.48000000001,59.58706666666668,1430.0896000000002,119.17413333333336,689.4,54.0,456.6387999999999,0.3065355121804954
27,https://www.immobilienscout24.de/expose/104486556,104486556,Essen,68.0,224900.0,505.0,3373.5,1124.5,14618.5,0.0,0.0,19116.5,False,11.75,3307.3529411764707,244016.5,48803.3,195213.2,162.67766666666668,3904.264,325.35533333333336,799.0,61.2,249.76699999999994,0.06141396176078255
28,https://www.immobilienscout24.de/expose/106217881,106217881,Essen,185.63,463600.0,1025.0,6954.0,2318.0,30134.0,0.0,0.0,39406.0,False,11.75,2497.441146366428,503006.0,100601.20000000001,402404.8,335.33733333333333,8048.096,670.6746666666667,2181.1525,167.067,1008.0735,0.12024590163934425
29,https://www.immobilienscout24.de/expose/121296049,121296049,Essen,85.0,135000.0,335.0,2025.0,675.0,8775.0,4.76,6426.0,17901.0,False,11.75,1588.235294117647,152901.0,30580.2,122320.8,101.93400000000001,2446.416,203.86800000000002,998.75,76.5,616.448,0.2419008377970059
30,https://www.immobilienscout24.de/expose/100438904,100438904,Essen,37.0,67800.0,154.0,1017.0,339.0,4407.0,0.0,0.0,5763.0,False,11.49,1832.4324324324325,73563.0,14712.6,58850.4,49.042,1177.008,98.084,425.13,33.300000000000004,244.70399999999995,0.19958729252477464
31,https://www.immobilienscout24.de/expose/122347784,122347784,Essen,72.17,299000.0,719.0,4485.0,1495.0,19435.0,4.64,13873.6,39288.6,False,11.75,4142.995704586393,338288.6,67657.72,270630.88,225.52573333333336,5412.6176000000005,451.0514666666667,847.9975000000001,64.953,106.46729999999994,0.018883397193993522
32,https://www.immobilienscout24.de/expose/119191735,119191735,Essen,54.11,110000.0,250.0,1650.0,550.0,7150.0,0.0,0.0,9350.0,False,11.49,2032.8959526889669,119350.0,23870.0,95480.0,79.56666666666668,1909.6000000000001,159.13333333333335,621.7239,48.699,334.3248999999999,0.16807284457478003
33,https://www.immobilienscout24.de/expose/114848869,114848869,Essen,61.19,104000.0,237.0,1560.0,520.0,6760.0,0.0,0.0,8840.0,False,11.75,1699.624121588495,112840.0,22568.0,90272.0,75.22666666666667,1805.44,150.45333333333335,718.9825,55.071,438.23149999999987,0.2330192307692307
34,https://www.immobilienscout24.de/expose/55719724,55719724,Essen,47.54,80000.0,182.0,1200.0,400.0,5200.0,0.0,0.0,6800.0,False,11.49,1682.7934371055953,86800.0,17360.0,69440.0,57.86666666666667,1388.8,115.73333333333333,546.2346,42.786,329.8486,0.2280059447004608
35,https://www.immobilienscout24.de/expose/99769114,99769114,Essen,60.0,158500.0,358.0,2377.5,792.5,10302.5,0.0,0.0,13472.5,False,11.49,2641.6666666666665,171972.5,34394.5,137578.0,114.64833333333333,2751.56,229.29666666666665,689.4,54.0,291.45500000000004,0.10168660687028451
36,https://www.immobilienscout24.de/expose/102220335,102220335,Essen,46.34,0.0,0.0,0.0,0.0,0.0,0.0,0.0,0.0,False,11.49,0.0,0.0,0.0,0.0,0.0,0.0,0.0,532.4466000000001,41.706,490.7406000000001,inf
37,https://www.immobilienscout24.de/expose/110340966,110340966,Essen,145.34,250000.0,602.0,3750.0,1250.0,16250.0,4.76,11900.0,33150.0,False,11.75,1720.1045823586073,283150.0,56630.0,226520.0,188.76666666666668,4530.400000000001,377.53333333333336,1707.7450000000001,130.806,1010.6390000000001,0.21415624227441288
38,https://www.immobilienscout24.de/expose/113017911,113017911,Essen,145.34,250000.0,602.0,3750.0,1250.0,16250.0,4.76,11900.0,33150.0,False,11.75,1720.1045823586073,283150.0,56630.0,226520.0,188.76666666666668,4530.400000000001,377.53333333333336,1707.7450000000001,130.806,1010.6390000000001,0.21415624227441288
39,https://www.immobilienscout24.de/expose/114848617,114848617,Essen,73.16,127300.0,288.0,1909.5,636.5,8274.5,0.0,0.0,10820.5,False,11.75,1740.0218698742483,138120.5,27624.100000000002,110496.4,92.08033333333333,2209.928,184.16066666666666,859.63,65.844,517.5450000000001,0.2248232521602514
40,https://www.immobilienscout24.de/expose/114848648,114848648,Essen,65.73,116400.0,263.0,1746.0,582.0,7566.0,0.0,0.0,9894.0,False,11.75,1770.880876312186,126294.0,25258.800000000003,101035.2,84.196,2020.704,168.392,772.3275000000001,59.157000000000004,460.58250000000015,0.21881443298969075
41,https://www.immobilienscout24.de/expose/114848708,114848708,Essen,65.03,139700.0,316.0,2095.5,698.5,9080.5,0.0,0.0,11874.5,False,11.75,2148.2392741811473,151574.5,30314.9,121259.6,101.04966666666667,2425.192,202.09933333333333,764.1025,58.527,402.4265,0.15929849677881172
42,https://www.immobilienscout24.de/expose/114848710,114848710,Essen,76.81,147000.0,332.0,2205.0,735.0,9555.0,0.0,0.0,12495.0,False,11.75,1913.813305559172,159495.0,31899.0,127596.0,106.33,2551.92,212.66,902.5175,69.129,514.3985,0.19351020408163266
43,https://www.immobilienscout24.de/expose/114848735,114848735,Essen,64.0,139400.0,315.0,2091.0,697.0,9061.0,0.0,0.0,11849.0,False,11.75,2178.125,151249.0,30249.800000000003,120999.2,100.83266666666667,2419.984,201.66533333333334,752.0,57.6,391.90199999999993,0.1554662840746054
44,https://www.immobilienscout24.de/expose/114848785,114848785,Essen,54.0,94000.0,214.0,1410.0,470.0,6110.0,0.0,0.0,7990.0,False,11.49,1740.7407407407406,101990.0,20398.0,81592.0,67.99333333333334,1631.8400000000001,135.98666666666668,620.46,48.6,367.88,0.21642121776644765
45,https://www.immobilienscout24.de/expose/114848836,114848836,Essen,69.83,118000.0,267.0,1770.0,590.0,7670.0,0.0,0.0,10030.0,False,11.75,1689.8181297436631,128030.0,25606.0,102424.0,85.35333333333334,2048.48,170.70666666666668,820.5024999999999,62.847,501.5954999999999,0.23506779661016944
46,https://www.immobilienscout24.de/expose/114848840,114848840,Essen,69.83,119000.0,269.0,1785.0,595.0,7735.0,0.0,0.0,10115.0,False,11.75,1704.1386223686095,129115.0,25823.0,103292.0,86.07666666666667,2065.84,172.15333333333334,820.5024999999999,62.847,499.42549999999994,0.23208403361344537
47,https://www.immobilienscout24.de/expose/114848844,114848844,Essen,61.19,105000.0,239.0,1575.0,525.0,6825.0,0.0,0.0,8925.0,False,11.75,1715.9666612191536,113925.0,22785.0,91140.0,75.95,1822.8,151.9,718.9825,55.071,436.0614999999999,0.22965714285714284
48,https://www.immobilienscout24.de/expose/114848849,114848849,Essen,61.19,105000.0,239.0,1575.0,525.0,6825.0,0.0,0.0,8925.0,False,11.75,1715.9666612191536,113925.0,22785.0,91140.0,75.95,1822.8,151.9,718.9825,55.071,436.0614999999999,0.22965714285714284
49,https://www.immobilienscout24.de/expose/114848867,114848867,Essen,61.19,105000.0,239.0,1575.0,525.0,6825.0,0.0,0.0,8925.0,False,11.75,1715.9666612191536,113925.0,22785.0,91140.0,75.95,1822.8,151.9,718.9825,55.071,436.0614999999999,0.22965714285714284
50,https://www.immobilienscout24.de/expose/114848871,114848871,Essen,61.19,105000.0,239.0,1575.0,525.0,6825.0,0.0,0.0,8925.0,False,11.75,1715.9666612191536,113925.0,22785.0,91140.0,75.95,1822.8,151.9,718.9825,55.071,436.0614999999999,0.22965714285714284
51,https://www.immobilienscout24.de/expose/114848920,114848920,Essen,58.0,119000.0,269.0,1785.0,595.0,7735.0,0.0,0.0,10115.0,False,11.49,2051.7241379310344,129115.0,25823.0,103292.0,86.07666666666667,2065.84,172.15333333333334,666.42,52.2,355.98999999999995,0.16542926848158615
52,https://www.immobilienscout24.de/expose/114848982,114848982,Essen,62.56,156300.0,353.0,2344.5,781.5,10159.5,0.0,0.0,13285.5,False,11.75,2498.401534526854,169585.5,33917.1,135668.4,113.057,2713.368,226.114,735.08,56.304,339.605,0.12015355086372362
53,https://www.immobilienscout24.de/expose/114849007,114849007,Essen,65.15,119000.0,269.0,1785.0,595.0,7735.0,0.0,0.0,10115.0,False,11.75,1826.5541059094396,129115.0,25823.0,103292.0,86.07666666666667,2065.84,172.15333333333334,765.5125,58.635000000000005,448.64750000000004,0.2084873949579832
54,https://www.immobilienscout24.de/expose/114988270,114988270,Essen,57.46,98000.0,223.0,1470.0,490.0,6370.0,0.0,0.0,8330.0,False,11.49,1705.534284719805,106330.0,21266.0,85064.0,70.88666666666667,1701.28,141.77333333333334,660.2154,51.714,395.8414000000001,0.2233657857613092
55,https://www.immobilienscout24.de/expose/115302402,115302402,Essen,137.0,395000.0,938.0,5925.0,1975.0,25675.0,3.48,13746.0,47321.0,False,11.75,2883.211678832117,442321.0,88464.20000000001,353856.8,294.8806666666666,7077.1359999999995,589.7613333333333,1609.75,123.3,601.8080000000001,0.08163410735642215
56,https://www.immobilienscout24.de/expose/115432044,115432044,Essen,59.37,110000.0,250.0,1650.0,550.0,7150.0,0.0,0.0,9350.0,False,11.49,1852.7876031665826,119350.0,23870.0,95480.0,79.56666666666668,1909.6000000000001,159.13333333333335,682.1613,53.433,390.02829999999994,0.1960762295768747
57,https://www.immobilienscout24.de/expose/115432055,115432055,Essen,74.31,154200.0,349.0,2313.0,771.0,10023.0,0.0,0.0,13107.0,False,11.75,2075.0908356883324,167307.0,33461.4,133845.6,111.53800000000001,2676.9120000000003,223.07600000000002,873.1425,66.879,471.6495,0.16914396887159533
58,https://www.immobilienscout24.de/expose/115432056,115432056,Essen,74.31,154200.0,349.0,2313.0,771.0,10023.0,0.0,0.0,13107.0,False,11.75,2075.0908356883324,167307.0,33461.4,133845.6,111.53800000000001,2676.9120000000003,223.07600000000002,873.1425,66.879,471.6495,0.16914396887159533
59,https://www.immobilienscout24.de/expose/115432058,115432058,Essen,68.32,149300.0,338.0,2239.5,746.5,9704.5,0.0,0.0,12690.5,False,11.75,2185.3044496487123,161990.5,32398.100000000002,129592.4,107.99366666666667,2591.848,215.98733333333334,802.7599999999999,61.48799999999999,417.2909999999999,0.15456128600133953
60,https://www.immobilienscout24.de/expose/115449769,115449769,Essen,66.32,147600.0,334.0,2214.0,738.0,9594.0,0.0,0.0,12546.0,False,11.75,2225.572979493366,160146.0,32029.2,128116.8,106.76400000000001,2562.3360000000002,213.52800000000002,779.2599999999999,59.687999999999995,399.27999999999986,0.1495934959349593
61,https://www.immobilienscout24.de/expose/115449772,115449772,Essen,60.02,118000.0,267.0,1770.0,590.0,7670.0,0.0,0.0,10030.0,False,11.75,1966.0113295568142,128030.0,25606.0,102424.0,85.35333333333334,2048.48,170.70666666666668,705.235,54.018,395.1569999999999,0.18518644067796608
62,https://www.immobilienscout24.de/expose/115449778,115449778,Essen,70.77,145000.0,328.0,2175.0,725.0,9425.0,0.0,0.0,12325.0,False,11.75,2048.8907729263815,157325.0,31465.0,125860.0,104.88333333333334,2517.2000000000003,209.76666666666668,831.5474999999999,63.693,453.20449999999994,0.17284137931034482
63,https://www.immobilienscout24.de/expose/115449783,115449783,Essen,54.95,109700.0,249.0,1645.5,548.5,7130.5,0.0,0.0,9324.5,False,11.49,1996.3603275705186,119024.5,23804.9,95219.6,79.34966666666666,1904.392,158.69933333333333,631.3755,49.455000000000005,343.8715,0.17334489957949836
64,https://www.immobilienscout24.de/expose/115502630,115502630,Essen,73.95,139800.0,316.0,2097.0,699.0,9087.0,0.0,0.0,11883.0,False,11.75,1890.4665314401623,151683.0,30336.600000000002,121346.4,101.122,2426.928,202.244,868.9125,66.555,498.99150000000003,0.19738197424892703
65,https://www.immobilienscout24.de/expose/115502632,115502632,Essen,54.94,96300.0,219.0,1444.5,481.5,6259.5,0.0,0.0,8185.5,False,11.49,1752.8212595558791,104485.5,20897.100000000002,83588.4,69.657,1671.768,139.314,631.2606,49.446,372.8435999999999,0.21410258839743307
66,https://www.immobilienscout24.de/expose/115563328,115563328,Essen,170.0,820000.0,1975.0,12300.0,4100.0,53300.0,4.76,39032.0,108732.0,False,11.75,4823.529411764706,928732.0,185746.40000000002,742985.6,619.1546666666667,14859.712,1238.3093333333334,1997.5,153.0,-12.96400000000017,-0.0008375290180590418
67,https://www.immobilienscout24.de/expose/115800926,115800926,Essen,53.95,105000.0,239.0,1575.0,525.0,6825.0,0.0,0.0,8925.0,False,11.49,1946.2465245597775,113925.0,22785.0,91140.0,75.95,1822.8,151.9,619.8855000000001,48.55500000000001,343.48050000000006,0.1808982225148124
68,https://www.immobilienscout24.de/expose/116866995,116866995,Essen,90.0,172000.0,419.0,2580.0,860.0,11180.0,3.57,6140.4,20760.4,False,11.75,1911.111111111111,192760.4,38552.08,154208.32,128.50693333333334,3084.1664,257.0138666666667,1057.5,81.0,590.9792,0.18395247156573652
69,https://www.immobilienscout24.de/expose/116923637,116923637,Essen,242.0,480000.0,1141.0,7200.0,2400.0,31200.0,3.57,17136.0,57936.0,False,11.75,1983.4710743801652,537936.0,107587.20000000001,430348.8,358.624,8606.976,717.248,2843.5,217.8,1549.8280000000002,0.17286383510306058
70,https://www.immobilienscout24.de/expose/116939668,116939668,Essen,67.75,149300.0,338.0,2239.5,746.5,9704.5,0.0,0.0,12690.5,False,11.75,2203.690036900369,161990.5,32398.100000000002,129592.4,107.99366666666667,2591.848,215.98733333333334,796.0625,60.975,411.1065,0.15227059611520427
71,https://www.immobilienscout24.de/expose/116950505,116950505,Essen,58.8,148400.0,335.0,2226.0,742.0,9646.0,0.0,0.0,12614.0,False,11.49,2523.809523809524,161014.0,32202.800000000003,128811.2,107.34266666666667,2576.224,214.68533333333335,675.612,52.92,300.66399999999993,0.11203895313451
72,https://www.immobilienscout24.de/expose/116950508,116950508,Essen,52.41,143600.0,325.0,2154.0,718.0,9334.0,0.0,0.0,12206.0,False,11.49,2739.9351268841824,155806.0,31161.2,124644.8,103.87066666666668,2492.896,207.74133333333336,602.1908999999999,47.169,243.40989999999988,0.09373576113885211
73,https://www.immobilienscout24.de/expose/116971730,116971730,Essen,25.76,0.0,0.0,0.0,0.0,0.0,0.0,0.0,0.0,False,15.09,0.0,0.0,0.0,0.0,0.0,0.0,0.0,388.71840000000003,23.184,365.5344,inf
74,https://www.immobilienscout24.de/expose/117026112,117026112,Essen,44.72,99000.0,225.0,1485.0,495.0,6435.0,0.0,0.0,8415.0,False,11.49,2213.774597495528,107415.0,21483.0,85932.0,71.61,1718.64,143.22,513.8328,40.248,258.7548,0.14453556765814832
75,https://www.immobilienscout24.de/expose/117488510,117488510,Essen,80.0,216000.0,527.0,3240.0,1080.0,14040.0,3.57,7711.2,26071.2,False,11.75,2700.0,242071.2,48414.240000000005,193656.96000000002,161.38080000000002,3873.1392000000005,322.76160000000004,940.0,72.0,383.85759999999993,0.09514331320702338
76,https://www.immobilienscout24.de/expose/117785987,117785987,Essen,47.0,88400.0,201.0,1326.0,442.0,5746.0,0.0,0.0,7514.0,False,11.49,1880.8510638297873,95914.0,19182.8,76731.2,63.94266666666667,1534.624,127.88533333333334,540.03,42.300000000000004,305.90199999999993,0.19136017682507242
77,https://www.immobilienscout24.de/expose/117852038,117852038,Essen,63.0,99800.0,240.0,1497.0,499.0,6487.0,3.48,3473.04,11956.04,False,11.75,1584.126984126984,111756.04000000001,22351.208000000002,89404.83200000001,74.50402666666668,1788.0966400000002,149.00805333333335,740.25,56.7,460.03791999999993,0.24698687605609496
78,https://www.immobilienscout24.de/expose/118210981,118210981,Essen,83.35,92000.0,209.0,1380.0,460.0,5980.0,0.0,0.0,7820.0,False,11.75,1103.77924415117,99820.0,19964.0,79856.0,66.54666666666667,1597.1200000000001,133.09333333333333,979.3625,75.015,704.7075,0.4235869565217391
79,https://www.immobilienscout24.de/expose/118243049,118243049,Essen,107.08,133000.0,301.0,1995.0,665.0,8645.0,0.0,0.0,11305.0,False,11.75,1242.0620097123647,144305.0,28861.0,115444.0,96.20333333333333,2308.88,192.40666666666667,1258.19,96.372,873.2080000000001,0.3630676691729324
80,https://www.immobilienscout24.de/expose/118478138,118478138,Essen,61.71,95000.0,228.0,1425.0,475.0,6175.0,3.48,3306.0,11381.0,False,11.75,1539.4587587100955,106381.0,21276.2,85104.8,70.92066666666666,1702.096,141.84133333333332,725.0925,55.539,456.79150000000004,0.2576351980146831
81,https://www.immobilienscout24.de/expose/118918910,118918910,Essen,84.0,139000.0,314.0,2085.0,695.0,9035.0,0.0,0.0,11815.0,False,11.75,1654.7619047619048,150815.0,30163.0,120652.0,100.54333333333334,2413.04,201.08666666666667,987.0,75.60000000000001,609.77,0.24258992805755394
82,https://www.immobilienscout24.de/expose/118919640,118919640,Essen,80.43,170900.0,422.0,2563.5,854.5,11108.5,4.76,8134.84,22661.34,False,11.75,2124.829043889096,193561.34,38712.268000000004,154849.072,129.04089333333332,3096.9814399999996,258.08178666666663,945.0525000000001,72.38700000000001,485.5428200000002,0.15050820168944898
83,https://www.immobilienscout24.de/expose/118920377,118920377,Essen,31.8,79590.0,194.0,1193.85,397.95,5173.35,4.76,3788.4840000000004,10553.633999999998,False,11.49,2502.830188679245,90143.63399999999,18028.7268,72114.90719999999,60.095755999999994,1442.2981439999999,120.19151199999999,365.382,28.62,156.47473200000002,0.1041502711106588
84,https://www.immobilienscout24.de/expose/119191726,119191726,Essen,65.15,119000.0,269.0,1785.0,595.0,7735.0,0.0,0.0,10115.0,False,11.75,1826.5541059094396,129115.0,25823.0,103292.0,86.07666666666667,2065.84,172.15333333333334,765.5125,58.635000000000005,448.64750000000004,0.2084873949579832
85,https://www.immobilienscout24.de/expose/119191728,119191728,Essen,64.65,125000.0,283.0,1875.0,625.0,8125.0,0.0,0.0,10625.0,False,11.75,1933.488012374323,135625.0,27125.0,108500.0,90.41666666666667,2170.0,180.83333333333334,759.6375,58.18500000000001,430.20250000000004,0.19032000000000002
86,https://www.immobilienscout24.de/expose/119295303,119295303,Essen,70.0,129900.0,323.0,1948.5,649.5,8443.5,4.76,6183.24,17224.739999999998,False,11.75,1855.7142857142858,147124.74,29424.948,117699.79199999999,98.08315999999998,2353.9958399999996,196.16631999999996,822.5,63.0,465.25052000000005,0.1897371658906585
87,https://www.immobilienscout24.de/expose/119351228,119351228,Essen,40.0,108000.0,260.0,1620.0,540.0,7020.0,3.57,3855.6,13035.6,False,11.49,2700.0,121035.6,24207.120000000003,96828.48000000001,80.69040000000001,1936.5696000000003,161.38080000000002,459.6,36.0,181.5288,0.08998780524077211
88,https://www.immobilienscout24.de/expose/120016045,120016045,Essen,52.41,143400.0,324.0,2151.0,717.0,9321.0,0.0,0.0,12189.0,False,11.49,2736.1190612478536,155589.0,31117.800000000003,124471.2,103.726,2489.424,207.452,602.1908999999999,47.169,243.84389999999996,0.09403385843472223
89,https://www.immobilienscout24.de/expose/120371264,120371264,Essen,65.0,149000.0,365.0,2235.0,745.0,9685.0,3.48,5185.2,17850.2,False,11.75,2292.3076923076924,166850.2,33370.04,133480.16,111.23346666666667,2669.6032,222.46693333333334,763.75,58.5,371.54959999999994,0.1336107238708734
90,https://www.immobilienscout24.de/expose/120596163,120596163,Essen,58.0,139800.0,316.0,2097.0,699.0,9087.0,0.0,0.0,11883.0,False,11.49,2410.344827586207,151683.0,30336.600000000002,121346.4,101.122,2426.928,202.244,666.42,52.2,310.854,0.12296196673325288
91,https://www.immobilienscout24.de/expose/120747909,120747909,Essen,67.55,91000.0,222.0,1365.0,455.0,5915.0,4.76,4331.6,12066.6,False,11.75,1347.1502590673576,103066.6,20613.320000000003,82453.28,68.71106666666667,1649.0656,137.42213333333333,793.7125,60.795,526.7843,0.30666634971950174
92,https://www.immobilienscout24.de/expose/120825783,120825783,Essen,77.26,164850.0,407.0,2472.75,824.25,10715.25,4.76,7846.86,21859.11,False,11.75,2133.7043748382084,186709.11,37341.822,149367.288,124.47274,2987.34576,248.94548,907.8050000000001,69.534,464.85278000000005,0.14938299904059316
93,https://www.immobilienscout24.de/expose/121038682,121038682,Essen,43.57,110000.0,273.0,1650.0,550.0,7150.0,4.76,5236.0,14586.0,False,11.49,2524.6729400963964,124586.0,24917.2,99668.8,83.05733333333335,1993.3760000000002,166.1146666666667,500.6193,39.213,212.23429999999996,0.10221098678824264
94,https://www.immobilienscout24.de/expose/121079670,121079670,Essen,71.0,159000.0,389.0,2385.0,795.0,10335.0,3.48,5533.2,19048.2,False,11.75,2239.43661971831,178048.2,35609.64000000001,142438.56,118.6988,2848.7712,237.3976,834.25,63.9,414.2536,0.13959824362167095
95,https://www.immobilienscout24.de/expose/121189888,121189888,Essen,128.49,599000.0,1441.0,8985.0,2995.0,38935.0,4.64,27793.6,78708.6,False,11.75,4661.841388434897,677708.6,135541.72,542166.88,451.80573333333336,10843.3376,903.6114666666667,1509.7575000000002,115.641,38.699300000000065,0.0034261893681148564
96,https://www.immobilienscout24.de/expose/121195467,121195467,Essen,71.47,95000.0,232.0,1425.0,475.0,6175.0,5.01,4759.5,12834.5,False,11.75,1329.2290471526514,107834.5,21566.9,86267.6,71.88966666666667,1725.352,143.77933333333334,839.7725,64.32300000000001,559.7805,0.3114664601774015
97,https://www.immobilienscout24.de/expose/121379184,121379184,Essen,70.94,139000.0,314.0,2085.0,695.0,9035.0,0.0,0.0,11815.0,False,11.75,1959.4023118127996,150815.0,30163.0,120652.0,100.54333333333334,2413.04,201.08666666666667,833.545,63.846,468.06899999999996,0.18621582733812947
98,https://www.immobilienscout24.de/expose/121389267,121389267,Essen,78.96,194900.0,481.0,2923.5,974.5,12668.5,4.64,9043.36,25609.86,False,11.75,2468.3383991894634,220509.86,44101.972,176407.88799999998,147.0065733333333,3528.1577599999996,294.0131466666666,927.78,71.064,415.69628,0.11310957614321644
99,https://www.immobilienscout24.de/expose/121392224,121392224,Essen,62.0,112500.0,279.0,1687.5,562.5,7312.5,4.64,5220.0,14782.5,False,11.75,1814.516129032258,127282.5,25456.5,101826.0,84.855,2036.52,169.71,728.5,55.800000000000004,418.13499999999993,0.19710565081609802
100,https://www.immobilienscout24.de/expose/121489912,121489912,Essen,72.79,165900.0,410.0,2488.5,829.5,10783.5,4.76,7896.84,21998.34,False,11.75,2279.1592251682923,187898.34,37579.668,150318.672,125.26556,3006.37344,250.53112,855.2825,65.51100000000001,413.97481999999997,0.13219110504116216
101,https://www.immobilienscout24.de/expose/121538487,121538487,Essen,69.83,189000.0,466.0,2835.0,945.0,12285.0,4.64,8769.6,24834.6,False,11.75,2706.5731061148504,213834.6,42766.920000000006,171067.68,142.5564,3421.3536,285.1128,820.5024999999999,62.847,329.9862999999999,0.09259108675583835
102,https://www.immobilienscout24.de/expose/121538503,121538503,Essen,69.83,189000.0,466.0,2835.0,945.0,12285.0,4.64,8769.6,24834.6,False,11.75,2706.5731061148504,213834.6,42766.920000000006,171067.68,142.5564,3421.3536,285.1128,820.5024999999999,62.847,329.9862999999999,0.09259108675583835
103,https://www.immobilienscout24.de/expose/121602016,121602016,Essen,41.0,56500.0,137.0,847.5,282.5,3672.5,4.76,2689.4,7491.9,False,11.49,1378.0487804878048,63991.9,12798.380000000001,51193.520000000004,42.66126666666667,1023.8704000000001,85.32253333333334,471.09000000000003,36.9,306.2062,0.2871046491821621
104,https://www.immobilienscout24.de/expose/121666528,121666528,Essen,63.0,99000.0,238.0,1485.0,495.0,6435.0,3.48,3445.2,11860.2,False,11.75,1571.4285714285713,110860.2,22172.04,88688.16,73.9068,1773.7632,147.8136,740.25,56.7,461.8296000000001,0.2499524265696797
105,https://www.immobilienscout24.de/expose/121898433,121898433,Essen,71.6,142600.0,322.0,2139.0,713.0,9269.0,0.0,0.0,12121.0,False,11.75,1991.6201117318437,154721.0,30944.2,123776.8,103.14733333333334,2475.536,206.29466666666667,841.3,64.44,467.41799999999995,0.18126227208976156
106,https://www.immobilienscout24.de/expose/121898437,121898437,Essen,56.66,146400.0,331.0,2196.0,732.0,9516.0,0.0,0.0,12444.0,False,11.49,2583.833392163784,158844.0,31768.800000000003,127075.2,105.896,2541.504,211.792,651.0233999999999,50.994,282.3413999999999,0.10664856085215679
107,https://www.immobilienscout24.de/expose/122047430,122047430,Essen,25.0,0.0,0.0,0.0,0.0,0.0,0.0,0.0,0.0,False,15.09,0.0,0.0,0.0,0.0,0.0,0.0,0.0,377.25,22.5,354.75,inf
108,https://www.immobilienscout24.de/expose/122067660,122067660,Essen,105.0,359000.0,863.0,5385.0,1795.0,23335.0,4.64,16657.6,47172.6,False,11.75,3419.0476190476193,406172.6,81234.52,324938.07999999996,270.7817333333333,6498.761599999999,541.5634666666666,1233.75,94.5,326.90480000000014,0.048290524767057176
109,https://www.immobilienscout24.de/expose/122108365,122108365,Essen,65.65,127000.0,287.0,1905.0,635.0,8255.0,0.0,0.0,10795.0,False,11.75,1934.5011424219344,137795.0,27559.0,110236.0,91.86333333333334,2204.7200000000003,183.7266666666667,771.3875,59.08500000000001,436.7125,0.1901574803149606
110,https://www.immobilienscout24.de/expose/122108377,122108377,Essen,71.6,142800.0,323.0,2142.0,714.0,9282.0,0.0,0.0,12138.0,False,11.75,1994.4134078212292,154938.0,30987.600000000002,123950.4,103.29199999999999,2479.008,206.58399999999997,841.3,64.44,466.984,0.18084033613445377
111,https://www.immobilienscout24.de/expose/122115362,122115362,Essen,65.0,74950.0,180.0,1124.25,374.75,4871.75,3.48,2608.26,8979.01,False,11.75,1153.076923076923,83929.01,16785.802,67143.208,55.95267333333334,1342.86416,111.90534666666667,763.75,58.5,537.39198,0.3841760888160125
112,https://www.immobilienscout24.de/expose/122149683,122149683,Essen,65.0,150000.0,339.0,2250.0,750.0,9750.0,0.0,0.0,12750.0,False,11.75,2307.6923076923076,162750.0,32550.0,130200.0,108.5,2604.0,217.0,763.75,58.5,379.75,0.14
113,https://www.immobilienscout24.de/expose/122155715,122155715,Essen,68.28,135000.0,331.0,2025.0,675.0,8775.0,3.48,4698.0,16173.0,False,11.75,1977.1528998242532,151173.0,30234.600000000002,120938.4,100.782,2418.768,201.564,802.29,61.452000000000005,438.49199999999996,0.17403583973328568
114,https://www.immobilienscout24.de/expose/122180913,122180913,Essen,295.0,1770000.0,4205.0,26550.0,8850.0,115050.0,3.48,61596.0,212046.0,False,11.75,6000.0,1982046.0,396409.2,1585636.8,1321.364,31712.736,2642.728,3466.25,265.5,-763.3420000000001,-0.02310769780317914
115,https://www.immobilienscout24.de/expose/122194236,122194236,Essen,57.46,98000.0,223.0,1470.0,490.0,6370.0,0.0,0.0,8330.0,False,11.49,1705.534284719805,106330.0,21266.0,85064.0,70.88666666666667,1701.28,141.77333333333334,660.2154,51.714,395.8414000000001,0.2233657857613092
116,https://www.immobilienscout24.de/expose/122194238,122194238,Essen,57.46,98000.0,223.0,1470.0,490.0,6370.0,0.0,0.0,8330.0,False,11.49,1705.534284719805,106330.0,21266.0,85064.0,70.88666666666667,1701.28,141.77333333333334,660.2154,51.714,395.8414000000001,0.2233657857613092
117,https://www.immobilienscout24.de/expose/122194241,122194241,Essen,57.58,98000.0,223.0,1470.0,490.0,6370.0,0.0,0.0,8330.0,False,11.49,1701.9798541160126,106330.0,21266.0,85064.0,70.88666666666667,1701.28,141.77333333333334,661.5942,51.822,397.11220000000003,0.22408287407128752
118,https://www.immobilienscout24.de/expose/122194244,122194244,Essen,60.02,126000.0,285.0,1890.0,630.0,8190.0,0.0,0.0,10710.0,False,11.75,2099.3002332555816,136710.0,27342.0,109368.0,91.14,2187.36,182.28,705.235,54.018,377.797,0.16580952380952382
119,https://www.immobilienscout24.de/expose/122214755,122214755,Essen,62.0,145000.0,328.0,2175.0,725.0,9425.0,0.0,0.0,12325.0,False,11.75,2338.7096774193546,157325.0,31465.0,125860.0,104.88333333333334,2517.2000000000003,209.76666666666668,728.5,55.800000000000004,358.05,0.13655172413793104
120,https://www.immobilienscout24.de/expose/122272879,122272879,Essen,42.0,0.0,0.0,0.0,0.0,0.0,0.0,0.0,0.0,False,11.49,0.0,0.0,0.0,0.0,0.0,0.0,0.0,482.58,37.800000000000004,444.78,inf
121,https://www.immobilienscout24.de/expose/122287267,122287267,Essen,83.0,249000.0,591.0,3735.0,1245.0,16185.0,3.48,8665.2,29830.2,False,11.75,3000.0,278830.2,55766.04000000001,223064.16,185.8868,4461.2832,371.7736,975.25,74.7,342.88960000000003,0.07378460439364172
122,https://www.immobilienscout24.de/expose/122289160,122289160,Essen,104.0,329000.0,727.0,4935.0,1645.0,21385.0,0.0,0.0,27965.0,False,11.75,3163.4615384615386,356965.0,71393.0,285572.0,237.9766666666667,5711.4400000000005,475.9533333333334,1222.0,93.60000000000001,414.4699999999999,0.06966565349544072
123,https://www.immobilienscout24.de/expose/122302409,122302409,Essen,65.0,125000.0,306.0,1875.0,625.0,8125.0,3.41,4262.5,14887.5,False,11.75,1923.076923076923,139887.5,27977.5,111910.0,93.25833333333334,2238.2000000000003,186.51666666666668,763.75,58.5,425.475,0.1824930747922438
124,https://www.immobilienscout24.de/expose/122311105,122311105,Essen,138.0,329000.0,727.0,4935.0,1645.0,21385.0,0.0,0.0,27965.0,False,11.75,2384.057971014493,356965.0,71393.0,285572.0,237.9766666666667,5711.4400000000005,475.9533333333334,1621.5,124.2,783.3699999999999,0.13167173252279635
125,https://www.immobilienscout24.de/expose/122349029,122349029,Essen,79.72,319000.0,767.0,4785.0,1595.0,20735.0,4.64,14801.6,41916.6,False,11.75,4001.5052684395387,360916.6,72183.31999999999,288733.27999999997,240.61106666666663,5774.665599999999,481.22213333333326,936.71,71.748,143.12880000000018,0.023794217279005766
126,https://www.immobilienscout24.de/expose/122349380,122349380,Essen,75.63,359000.0,863.0,5385.0,1795.0,23335.0,4.64,16657.6,47172.6,False,11.75,4746.793600423112,406172.6,81234.52,324938.07999999996,270.7817333333333,6498.761599999999,541.5634666666666,888.6524999999999,68.067,8.240300000000062,0.0012172608393574646
127,https://www.immobilienscout24.de/expose/122385320,122385320,Essen,71.57,139900.0,316.0,2098.5,699.5,9093.5,0.0,0.0,11891.5,False,11.75,1954.7296353220624,151791.5,30358.300000000003,121433.2,101.19433333333335,2428.664,202.3886666666667,840.9474999999999,64.413,472.9514999999998,0.18694781987133657
128,https://www.immobilienscout24.de/expose/122401750,122401750,Essen,68.0,125000.0,283.0,1875.0,625.0,8125.0,0.0,0.0,10625.0,False,11.75,1838.235294117647,135625.0,27125.0,108500.0,90.41666666666667,2170.0,180.83333333333334,799.0,61.2,466.55,0.2064
129,https://www.immobilienscout24.de/expose/122418443,122418443,Essen,53.05,65000.0,159.0,975.0,325.0,4225.0,5.49,3568.5,9093.5,False,11.49,1225.2591894439208,74093.5,14818.7,59274.8,49.39566666666667,1185.496,98.79133333333334,609.5445,47.745,413.61249999999995,0.33493828743412035
130,https://www.immobilienscout24.de/expose/122428766,122428766,Essen,80.0,159000.0,359.0,2385.0,795.0,10335.0,0.0,0.0,13515.0,False,11.75,1987.5,172515.0,34503.0,138012.0,115.01,2760.2400000000002,230.02,940.0,72.0,522.97,0.1818867924528302
131,https://www.immobilienscout24.de/expose/122440144,122440144,Essen,73.0,156800.0,355.0,2352.0,784.0,10192.0,0.0,0.0,13328.0,False,11.75,2147.945205479452,170128.0,34025.6,136102.4,113.41866666666665,2722.048,226.8373333333333,857.75,65.7,451.79400000000004,0.15933673469387757
132,https://www.immobilienscout24.de/expose/122446291,122446291,Essen,57.0,129000.0,316.0,1935.0,645.0,8385.0,3.48,4489.2,15454.2,False,11.49,2263.157894736842,144454.2,28890.840000000004,115563.36000000002,96.3028,2311.2672000000002,192.6056,654.9300000000001,51.300000000000004,314.7216,0.13072168202793688
133,https://www.immobilienscout24.de/expose/122454235,122454235,Essen,0.0,114500.0,280.0,1717.5,572.5,7442.5,3.48,3984.6,13717.1,False,15.09,inf,128217.1,25643.420000000002,102573.68000000001,85.47806666666668,2051.4736000000003,170.95613333333336,0.0,0.0,-256.43420000000003,-0.12000000000000001
134,https://www.immobilienscout24.de/expose/122500227,122500227,Essen,66.0,0.0,0.0,0.0,0.0,0.0,0.0,0.0,0.0,True,11.75,0.0,0.0,0.0,0.0,0.0,0.0,0.0,775.5,59.4,716.1,inf
135,https://www.immobilienscout24.de/expose/122500229,122500229,Essen,55.0,0.0,0.0,0.0,0.0,0.0,0.0,0.0,0.0,True,11.49,0.0,0.0,0.0,0.0,0.0,0.0,0.0,631.95,49.5,582.45,inf
136,https://www.immobilienscout24.de/expose/122512674,122512674,Essen,72.0,129400.0,292.0,1941.0,647.0,8411.0,0.0,0.0,10999.0,False,11.75,1797.2222222222222,140399.0,28079.800000000003,112319.2,93.59933333333333,2246.384,187.19866666666667,846.0,64.8,500.402,0.21384853168469858
137,https://www.immobilienscout24.de/expose/122516191,122516191,Essen,70.0,88000.0,200.0,1320.0,440.0,5720.0,0.0,0.0,7480.0,False,11.75,1257.142857142857,95480.0,19096.0,76384.0,63.653333333333336,1527.68,127.30666666666667,822.5,63.0,568.54,0.35727272727272724
138,https://www.immobilienscout24.de/expose/122532934,122532934,Essen,75.0,149000.0,365.0,2235.0,745.0,9685.0,3.41,5080.9,17745.9,False,11.75,1986.6666666666667,166745.9,33349.18,133396.72,111.16393333333333,2667.9344,222.32786666666667,881.25,67.5,480.2582,0.17281079774675118
139,https://www.immobilienscout24.de/expose/122533941,122533941,Essen,74.09,189400.0,426.0,2841.0,947.0,12311.0,0.0,0.0,16099.0,False,11.75,2556.3503846672966,205499.0,41099.8,164399.2,136.99933333333334,3287.9840000000004,273.9986666666667,870.5575,66.68100000000001,392.87850000000003,0.11470960929250264
140,https://www.immobilienscout24.de/expose/122533944,122533944,Essen,65.96,149300.0,338.0,2239.5,746.5,9704.5,0.0,0.0,12690.5,False,11.75,2263.49302607641,161990.5,32398.100000000002,129592.4,107.99366666666667,2591.848,215.98733333333334,775.03,59.364,391.685,0.1450770261219022
141,https://www.immobilienscout24.de/expose/122533953,122533953,Essen,51.05,98300.0,224.0,1474.5,491.5,6389.5,0.0,0.0,8355.5,False,11.49,1925.5631733594516,106655.5,21331.100000000002,85324.4,71.10366666666665,1706.4879999999998,142.2073333333333,586.5645,45.945,327.30850000000004,0.18413030739155503
142,https://www.immobilienscout24.de/expose/122541159,122541159,Essen,87.0,139000.0,345.0,2085.0,695.0,9035.0,4.76,6616.4,18431.4,False,11.75,1597.7011494252874,157431.4,31486.28,125945.12,104.95426666666667,2518.9024,209.90853333333334,1022.25,78.3,629.0872,0.2397566940267317
143,https://www.immobilienscout24.de/expose/122545794,122545794,Essen,89.0,215000.0,483.0,3225.0,1075.0,13975.0,0.0,0.0,18275.0,False,11.75,2415.7303370786517,233275.0,46655.0,186620.0,155.51666666666668,3732.4,311.03333333333336,1045.75,80.10000000000001,499.1,0.12837209302325583
144,https://www.immobilienscout24.de/expose/122492959,122492959,Essen,121.25,498000.0,1198.0,7470.0,2490.0,32370.0,4.64,23107.2,65437.2,False,11.75,4107.216494845361,563437.2,112687.44,450749.75999999995,375.6248,9014.9952,751.2496,1424.6875,109.125,188.68809999999996,0.02009325262868692
145,https://www.immobilienscout24.de/expose/122497512,122497512,Essen,162.39,407700.0,902.0,6115.5,2038.5,26500.5,0.0,0.0,34654.5,False,11.75,2510.6225752817295,442354.5,88470.90000000001,353883.6,294.90299999999996,7077.672,589.8059999999999,1908.0824999999998,146.15099999999998,877.2224999999999,0.11898454746136862
146,https://www.immobilienscout24.de/expose/122308559,122308559,Essen,65.0,124500.0,310.0,1867.5,622.5,8092.5,4.95,6162.75,16745.25,False,11.75,1915.3846153846155,141245.25,28249.050000000003,112996.2,94.1635,2259.924,188.327,763.75,58.5,422.7595,0.1795852957887079
147,https://www.immobilienscout24.de/expose/110154599,110154599,Essen,74.0,189400.0,426.0,2841.0,947.0,12311.0,0.0,0.0,16099.0,False,11.75,2559.4594594594596,205499.0,41099.8,164399.2,136.99933333333334,3287.9840000000004,273.9986666666667,869.5,66.60000000000001,391.902,0.11442449841605067
148,https://www.immobilienscout24.de/expose/111958815,111958815,Essen,50.0,119000.0,299.0,1785.0,595.0,7735.0,5.95,7080.5,17195.5,False,11.49,2380.0,136195.5,27239.100000000002,108956.4,90.79699999999998,2179.1279999999997,181.59399999999997,574.5,45.0,257.10900000000004,0.11326761897419518
149,https://www.immobilienscout24.de/expose/119338025,119338025,Essen,83.35,92000.0,224.0,1380.0,460.0,5980.0,4.76,4379.2,12199.2,False,11.75,1103.77924415117,104199.2,20839.84,83359.36,69.46613333333333,1667.1872,138.93226666666666,979.3625,75.015,695.9490999999999,0.40074152200784646
150,https://www.immobilienscout24.de/expose/120444891,120444891,Essen,63.0,183000.0,446.0,2745.0,915.0,11895.0,3.48,6368.4,21923.4,False,11.75,2904.7619047619046,204923.4,40984.68,163938.72,136.6156,3278.7744000000002,273.2312,740.25,56.7,273.70320000000004,0.08013819798031852
151,https://www.immobilienscout24.de/expose/121230072,121230072,Essen,81.0,185000.0,456.0,2775.0,925.0,12025.0,4.64,8584.0,24309.0,False,11.75,2283.9506172839506,209309.0,41861.8,167447.2,139.53933333333336,3348.9440000000004,279.0786666666667,951.75,72.9,460.23199999999986,0.13192896626518683
152,https://www.immobilienscout24.de/expose/121493785,121493785,Essen,155.0,595000.0,1431.0,8925.0,2975.0,38675.0,4.64,27608.0,78183.0,False,11.75,3838.7096774193546,673183.0,134636.6,538546.4,448.78866666666664,10770.928,897.5773333333333,1821.25,139.5,335.3840000000001,0.029892376961390896
153,https://www.immobilienscout24.de/expose/121734352,121734352,Essen,78.0,169000.0,417.0,2535.0,845.0,10985.0,4.64,7841.6,22206.6,False,11.75,2166.6666666666665,191206.6,38241.32,152965.28,127.47106666666667,3059.3056,254.94213333333335,916.5,70.2,463.88679999999994,0.1455661467752682
154,https://www.immobilienscout24.de/expose/97836548,97836548,Essen,143.14,279800.0,619.0,4197.0,1399.0,18187.0,0.0,0.0,23783.0,False,11.75,1954.7296353220624,303583.0,60716.600000000006,242866.4,202.3886666666667,4857.328,404.7773333333334,1681.8949999999998,128.826,945.9029999999996,0.18694781987133657
155,https://www.immobilienscout24.de/expose/103057558,103057558,Essen,66.0,149300.0,338.0,2239.5,746.5,9704.5,0.0,0.0,12690.5,False,11.75,2262.121212121212,161990.5,32398.100000000002,129592.4,107.99366666666667,2591.848,215.98733333333334,775.5,59.4,392.119,0.14523777628935028
156,https://www.immobilienscout24.de/expose/106238847,106238847,Essen,65.0,59900.0,144.0,898.5,299.5,3893.5,4.0,2396.0,7487.5,False,11.75,921.5384615384615,67387.5,13477.5,53910.0,44.925000000000004,1078.2,89.85000000000001,763.75,58.5,570.475,0.507935447968837
157,https://www.immobilienscout24.de/expose/118109192,118109192,Essen,73.0,160000.0,397.0,2400.0,800.0,10400.0,4.76,7616.0,21216.0,False,11.75,2191.780821917808,181216.0,36243.200000000004,144972.8,120.81066666666665,2899.4559999999997,241.6213333333333,857.75,65.7,429.6180000000001,0.14224505562422746
158,https://www.immobilienscout24.de/expose/119950788,119950788,Essen,79.0,189000.0,467.0,2835.0,945.0,12285.0,4.76,8996.4,25061.4,False,11.75,2392.4050632911394,214061.4,42812.28,171249.12,142.70759999999999,3424.9824,285.41519999999997,928.25,71.10000000000001,429.02720000000005,0.12025349736103756
159,https://www.immobilienscout24.de/expose/121770324,121770324,Essen,61.25,86000.0,209.0,1290.0,430.0,5590.0,4.76,4093.6,11403.6,False,11.75,1404.0816326530612,97403.6,19480.72,77922.88,64.93573333333335,1558.4576000000002,129.8714666666667,719.6875,55.125,469.7552999999999,0.2893662862563601
160,https://www.immobilienscout24.de/expose/122536137,122536137,Essen,134.48,546000.0,1313.0,8190.0,2730.0,35490.0,4.64,25334.4,71744.4,False,11.75,4060.083283759667,617744.4,123548.88,494195.52,411.8296,9883.9104,823.6592,1580.1399999999999,121.032,223.6191999999998,0.021719584993405018
161,https://www.immobilienscout24.de/expose/122537318,122537318,Essen,76.0,315000.0,748.0,4725.0,1575.0,20475.0,3.48,10962.0,37737.0,False,11.75,4144.736842105263,352737.0,70547.40000000001,282189.6,235.158,5643.7919999999995,470.316,893.0,68.4,119.126,0.02026314222777877
162,https://www.immobilienscout24.de/expose/122553732,122553732,Essen,164.4,835000.0,2009.0,12525.0,4175.0,54275.0,4.64,38744.0,109719.0,False,11.75,5079.075425790754,944719.0,188943.80000000002,755775.2,629.8126666666666,15115.503999999999,1259.6253333333332,1931.7,147.96,-105.69799999999961,-0.006712980261855616
163,https://www.immobilienscout24.de/expose/122358462,122358462,Essen,68.0,119000.0,295.0,1785.0,595.0,7735.0,4.64,5521.6,15636.6,False,11.75,1750.0,134636.6,26927.320000000003,107709.28,89.75773333333332,2154.1856,179.51546666666664,799.0,61.2,468.52680000000004,0.20879618172176062
164,https://www.immobilienscout24.de/expose/122543749,122543749,Essen,80.0,138000.0,342.0,2070.0,690.0,8970.0,4.64,6403.2,18133.2,False,11.75,1725.0,156133.2,31226.640000000003,124906.56000000001,104.0888,2498.1312000000003,208.1776,940.0,72.0,555.7336,0.2135613437756992
165,https://www.immobilienscout24.de/expose/122204533,122204533,Essen,100.0,170000.0,420.0,2550.0,850.0,11050.0,4.76,8092.0,22542.0,False,11.75,1700.0,192542.0,38508.4,154033.6,128.36133333333333,3080.672,256.72266666666667,1175.0,90.0,699.916,0.2181080491529121
166,https://www.immobilienscout24.de/expose/122204558,122204558,Essen,58.0,105000.0,256.0,1575.0,525.0,6825.0,4.76,4998.0,13923.0,False,11.49,1810.344827586207,118923.0,23784.600000000002,95138.4,79.282,1902.768,158.564,666.42,52.2,376.37399999999997,0.18989127418581767
167,https://www.immobilienscout24.de/expose/122204588,122204588,Essen,137.0,250000.0,602.0,3750.0,1250.0,16250.0,4.76,11900.0,33150.0,False,11.75,1824.8175182481752,283150.0,56630.0,226520.0,188.76666666666668,4530.400000000001,377.53333333333336,1609.75,123.3,920.1500000000001,0.19498145859085292
168,https://www.immobilienscout24.de/expose/122500228,122500228,Essen,96.0,111000.0,252.0,1665.0,555.0,7215.0,0.0,0.0,9435.0,True,11.75,1156.25,120435.0,24087.0,96348.0,80.29,1926.96,160.58,1128.0,86.4,800.73,0.39891891891891895
169,https://www.immobilienscout24.de/expose/115237781,115237781,Essen,58.0,135000.0,335.0,2025.0,675.0,8775.0,4.64,6264.0,17739.0,False,11.49,2327.5862068965516,152739.0,30547.800000000003,122191.2,101.82600000000001,2443.824,203.65200000000002,666.42,52.2,308.7419999999999,0.121282187260621
170,https://www.immobilienscout24.de/expose/115238218,115238218,Essen,203.38,699000.0,1684.0,10485.0,3495.0,45435.0,4.76,33272.4,92687.4,False,11.75,3436.916117612351,791687.4,158337.48,633349.92,527.7916,12666.9984,1055.5832,2389.715,183.042,623.2982000000001,0.04723820538257903
171,https://www.immobilienscout24.de/expose/116925778,116925778,Essen,157.0,395000.0,943.0,5925.0,1975.0,25675.0,3.98,15721.0,49296.0,False,11.75,2515.923566878981,444296.0,88859.20000000001,355436.8,296.19733333333335,7108.736,592.3946666666667,1844.75,141.3,814.858,0.1100425842231305
172,https://www.immobilienscout24.de/expose/116989869,116989869,Essen,91.0,98000.0,239.0,1470.0,490.0,6370.0,4.76,4664.8,12994.8,False,11.75,1076.923076923077,110994.8,22198.960000000003,88795.84,73.99653333333333,1775.9168,147.99306666666666,1069.25,81.9,765.3604,0.4137277061628112
173,https://www.immobilienscout24.de/expose/118565346,118565346,Essen,56.0,59000.0,143.0,885.0,295.0,3835.0,4.64,2737.6,7752.6,False,11.49,1053.5714285714287,66752.6,13350.520000000002,53402.08,44.501733333333334,1068.0416,89.00346666666667,643.44,50.4,459.53480000000013,0.41304889996794136
174,https://www.immobilienscout24.de/expose/118572205,118572205,Essen,71.0,165000.0,407.0,2475.0,825.0,10725.0,4.64,7656.0,21681.0,False,11.75,2323.943661971831,186681.0,37336.200000000004,149344.8,124.454,2986.8959999999997,248.908,834.25,63.9,396.98800000000006,0.127593488357144
175,https://www.immobilienscout24.de/expose/121809387,121809387,Essen,61.0,175000.0,426.0,2625.0,875.0,11375.0,3.57,6247.5,21122.5,False,11.75,2868.8524590163934,196122.5,39224.5,156898.0,130.74833333333333,3137.96,261.49666666666667,716.75,54.9,269.605,0.08248059248683859
176,https://www.immobilienscout24.de/expose/122032375,122032375,Essen,70.0,144200.0,326.0,2163.0,721.0,9373.0,0.0,0.0,12257.0,False,11.75,2060.0,156457.0,31291.4,125165.6,104.30466666666668,2503.3120000000004,208.60933333333335,822.5,63.0,446.586,0.17126213592233008
177,https://www.immobilienscout24.de/expose/122241455,122241455,Essen,62.07,119750.0,293.0,1796.25,598.75,7783.75,3.48,4167.3,14346.05,False,11.75,1929.2734009988721,134096.05,26819.21,107276.84,89.39736666666666,2145.5368,178.7947333333333,729.3225,55.863,405.2674,0.1813330370283092
178,https://www.immobilienscout24.de/expose/122559172,122559172,Essen,72.0,163000.0,369.0,2445.0,815.0,10595.0,0.0,0.0,13855.0,False,11.75,2263.8888888888887,176855.0,35371.0,141484.0,117.90333333333332,2829.68,235.80666666666664,846.0,64.8,427.49000000000007,0.1450306748466258
179,https://www.immobilienscout24.de/expose/117868149,117868149,Essen,122.04,489000.0,1178.0,7335.0,2445.0,31785.0,4.76,23276.4,64841.4,False,11.75,4006.882989183874,553841.4,110768.28000000001,443073.12,369.2276,8861.4624,738.4552,1433.97,109.83600000000001,216.45120000000009,0.023449081271280918
180,https://www.immobilienscout24.de/expose/122400429,122400429,Essen,132.14,398000.0,958.0,5970.0,1990.0,25870.0,4.76,18944.8,52774.8,False,11.75,3011.9570152868173,450774.8,90154.96,360619.83999999997,300.5165333333333,7212.3967999999995,601.0330666666666,1552.6449999999998,118.92599999999999,532.1694,0.07083395966234136
181,https://www.immobilienscout24.de/expose/121899007,121899007,Essen,70.0,120000.0,296.0,1800.0,600.0,7800.0,4.0,4800.0,15000.0,False,11.75,1714.2857142857142,135000.0,27000.0,108000.0,90.0,2160.0,180.0,822.5,63.0,489.5,0.21755555555555556
182,https://www.immobilienscout24.de/expose/121817146,121817146,Essen,75.0,169000.0,382.0,2535.0,845.0,10985.0,0.0,0.0,14365.0,False,11.75,2253.3333333333335,183365.0,36673.0,146692.0,122.24333333333334,2933.84,244.48666666666668,881.25,67.5,447.02,0.14627218934911243
183,https://www.immobilienscout24.de/expose/118101728,118101728,Essen,51.0,0.0,0.0,0.0,0.0,0.0,0.0,0.0,0.0,True,11.49,0.0,0.0,0.0,0.0,0.0,0.0,0.0,585.99,45.9,540.09,inf
184,https://www.immobilienscout24.de/expose/118559684,118559684,Essen,94.0,119000.0,295.0,1785.0,595.0,7735.0,4.64,5521.6,15636.6,False,11.75,1265.9574468085107,134636.6,26927.320000000003,107709.28,89.75773333333332,2154.1856,179.51546666666664,1104.5,84.60000000000001,750.6268,0.3345123688506691
185,https://www.immobilienscout24.de/expose/118796321,118796321,Essen,65.0,139900.0,343.0,2098.5,699.5,9093.5,3.57,4994.43,16885.93,False,11.75,2152.3076923076924,156785.93,31357.186,125428.74399999999,104.52395333333332,2508.5748799999997,209.04790666666665,763.75,58.5,391.67814,0.1498902892625633
186,https://www.immobilienscout24.de/expose/120030074,120030074,Essen,60.0,79900.0,194.0,1198.5,399.5,5193.5,4.76,3803.24,10594.74,False,11.49,1331.6666666666667,90494.74,18098.948,72395.792,60.32982666666667,1447.9158400000001,120.65965333333334,689.4,54.0,454.41051999999996,0.3012841541950394
187,https://www.immobilienscout24.de/expose/120568964,120568964,Essen,58.0,139800.0,316.0,2097.0,699.0,9087.0,0.0,0.0,11883.0,False,11.49,2410.344827586207,151683.0,30336.600000000002,121346.4,101.122,2426.928,202.244,666.42,52.2,310.854,0.12296196673325288
188,https://www.immobilienscout24.de/expose/121597305,121597305,Essen,78.0,129000.0,316.0,1935.0,645.0,8385.0,3.48,4489.2,15454.2,False,11.75,1653.8461538461538,144454.2,28890.840000000004,115563.36000000002,96.3028,2311.2672000000002,192.6056,916.5,70.2,557.3915999999999,0.23151625913265236
189,https://www.immobilienscout24.de/expose/122053795,122053795,Essen,90.0,489000.0,1178.0,7335.0,2445.0,31785.0,4.76,23276.4,64841.4,False,11.75,5433.333333333333,553841.4,110768.28000000001,443073.12,369.2276,8861.4624,738.4552,1057.5,81.0,-131.18279999999993,-0.014211591982831177
190,https://www.immobilienscout24.de/expose/122059677,122059677,Essen,82.0,319000.0,757.0,4785.0,1595.0,20735.0,3.48,11101.2,38216.2,False,11.75,3890.243902439024,357216.2,71443.24,285772.96,238.14413333333334,5715.4592,476.2882666666667,963.5,73.8,175.26759999999996,0.029438911225190788
191,https://www.immobilienscout24.de/expose/99481194,99481194,Essen,93.0,287000.0,634.0,4305.0,1435.0,18655.0,0.0,0.0,24395.0,False,11.75,3086.021505376344,311395.0,62279.0,249116.0,207.59666666666666,4982.32,415.1933333333333,1092.75,83.7,386.26,0.07442508710801393
192,https://www.immobilienscout24.de/expose/120216215,120216215,Essen,39.0,89000.0,202.0,1335.0,445.0,5785.0,0.0,0.0,7565.0,False,11.49,2282.051282051282,96565.0,19313.0,77252.0,64.37666666666667,1545.04,128.75333333333333,448.11,35.1,219.88000000000002,0.13662092890798946
193,https://www.immobilienscout24.de/expose/122057345,122057345,Essen,30.0,65500.0,149.0,982.5,327.5,4257.5,0.0,0.0,5567.5,False,15.09,2183.3333333333335,71067.5,14213.5,56854.0,47.37833333333333,1137.08,94.75666666666666,452.7,27.0,283.565,0.23940479121961514
194,https://www.immobilienscout24.de/expose/121847518,121847518,Essen,91.0,199000.0,492.0,2985.0,995.0,12935.0,4.9,9751.0,26666.0,False,11.75,2186.813186813187,225666.0,45133.200000000004,180532.8,150.444,3610.656,300.888,1069.25,81.9,536.0180000000001,0.1425162851293505
195,https://www.immobilienscout24.de/expose/120247465,120247465,Essen,203.7,660000.0,1588.0,9900.0,3300.0,42900.0,4.64,30624.0,86724.0,False,11.75,3240.058910162003,746724.0,149344.80000000002,597379.2,497.816,11947.583999999999,995.632,2393.475,183.32999999999998,716.6969999999999,0.057587301332219114
196,https://www.immobilienscout24.de/expose/120884580,120884580,Essen,85.0,135000.0,335.0,2025.0,675.0,8775.0,4.64,6264.0,17739.0,False,11.75,1588.235294117647,152739.0,30547.800000000003,122191.2,101.82600000000001,2443.824,203.65200000000002,998.75,76.5,616.7719999999999,0.24228468171193993
197,https://www.immobilienscout24.de/expose/116169940,116169940,Essen,86.25,118000.0,293.0,1770.0,590.0,7670.0,4.64,5475.2,15505.2,False,11.75,1368.1159420289855,133505.2,26701.040000000005,106804.16,89.00346666666667,2136.0832,178.00693333333334,1013.4375,77.625,668.8021,0.3005735057510868
198,https://www.immobilienscout24.de/expose/103437966,103437966,Essen,80.0,95000.0,216.0,1425.0,475.0,6175.0,0.0,0.0,8075.0,False,11.75,1187.5,103075.0,20615.0,82460.0,68.71666666666667,1649.2,137.43333333333334,940.0,72.0,661.8499999999999,0.3852631578947368
199,https://www.immobilienscout24.de/expose/106619405,106619405,Essen,117.0,185000.0,451.0,2775.0,925.0,12025.0,3.57,6604.5,22329.5,False,11.75,1581.1965811965813,207329.5,41465.9,165863.6,138.21966666666668,3317.2720000000004,276.43933333333337,1374.75,105.3,854.791,0.24737174401134426
200,https://www.immobilienscout24.de/expose/116811890,116811890,Essen,90.5,249000.0,592.0,3735.0,1245.0,16185.0,3.57,8889.3,30054.3,False,11.75,2751.3812154696134,279054.3,55810.86,223243.44,186.0362,4464.8688,372.0724,1063.375,81.45,423.8164,0.091125576635085
201,https://www.immobilienscout24.de/expose/117648659,117648659,Essen,250.0,895000.0,2126.0,13425.0,4475.0,58175.0,3.48,31146.0,107221.0,False,11.75,3580.0,1002221.0,200444.2,801776.8,668.1473333333334,16035.536000000002,1336.294666666667,2937.5,225.0,708.0579999999998,0.0423893332907612
202,https://www.immobilienscout24.de/expose/120597540,120597540,Essen,72.0,139000.0,340.0,2085.0,695.0,9035.0,3.48,4837.2,16652.2,False,11.75,1930.5555555555557,155652.2,31130.440000000002,124521.76000000001,103.76813333333335,2490.4352000000003,207.5362666666667,846.0,64.8,469.8955999999999,0.18113291042465182
203,https://www.immobilienscout24.de/expose/121125071,121125071,Essen,65.0,84500.0,205.0,1267.5,422.5,5492.5,4.64,3920.8,11103.3,False,11.75,1300.0,95603.3,19120.66,76482.64,63.735533333333336,1529.6528,127.47106666666667,763.75,58.5,514.0434,0.322610244625447
204,https://www.immobilienscout24.de/expose/121394497,121394497,Essen,84.0,139000.0,342.0,2085.0,695.0,9035.0,3.98,5532.2,17347.2,False,11.75,1654.7619047619048,156347.2,31269.440000000002,125077.76000000001,104.23146666666668,2501.5552000000002,208.46293333333335,987.0,75.60000000000001,598.7056,0.2297600212859584
205,https://www.immobilienscout24.de/expose/122436352,122436352,Essen,67.0,141000.0,319.0,2115.0,705.0,9165.0,0.0,0.0,11985.0,False,11.75,2104.4776119402986,152985.0,30597.0,122388.0,101.99000000000001,2447.76,203.98000000000002,787.25,60.300000000000004,420.97999999999996,0.16510638297872338
206,https://www.immobilienscout24.de/expose/122436353,122436353,Essen,107.0,221600.0,498.0,3324.0,1108.0,14404.0,0.0,0.0,18836.0,False,11.75,2071.0280373831774,240436.0,48087.200000000004,192348.8,160.29066666666665,3846.9759999999997,320.5813333333333,1257.25,96.3,680.078,0.16971119133574006
207,https://www.immobilienscout24.de/expose/122455701,122455701,Essen,90.0,239000.0,567.0,3585.0,1195.0,15535.0,3.48,8317.2,28632.2,False,11.75,2655.5555555555557,267632.2,53526.44,214105.76,178.42146666666667,4282.1152,356.84293333333335,1057.5,81.0,441.2356,0.0989198459677124
208,https://www.immobilienscout24.de/expose/122485491,122485491,Essen,78.0,199000.0,491.0,2985.0,995.0,12935.0,4.76,9472.4,26387.4,False,11.75,2551.2820512820513,225387.4,45077.48,180309.91999999998,150.25826666666666,3606.1983999999998,300.5165333333333,916.5,70.2,395.5252,0.10529209707374945
209,https://www.immobilienscout24.de/expose/121195917,121195917,Essen,74.54,95000.0,232.0,1425.0,475.0,6175.0,5.01,4759.5,12834.5,False,11.75,1274.4834987925944,107834.5,21566.9,86267.6,71.88966666666667,1725.352,143.77933333333334,875.845,67.08600000000001,593.0899999999999,0.33000013910204984
210,https://www.immobilienscout24.de/expose/112258224,112258224,Essen,110.0,129000.0,320.0,1935.0,645.0,8385.0,4.76,6140.4,17105.4,False,11.75,1172.7272727272727,146105.4,29221.08,116884.31999999999,97.4036,2337.6864,194.8072,1292.5,99.0,901.2891999999999,0.37012562164026785
211,https://www.immobilienscout24.de/expose/121533757,121533757,Essen,43.0,119000.0,291.0,1785.0,595.0,7735.0,3.48,4141.2,14256.2,False,11.49,2767.4418604651164,133256.2,26651.240000000005,106604.96,88.83746666666667,2132.0992,177.67493333333334,494.07,38.7,188.8576,0.08503511281276216
212,https://www.immobilienscout24.de/expose/121454247,121454247,Essen,66.0,149000.0,367.0,2235.0,745.0,9685.0,3.87,5766.3,18431.3,False,11.75,2257.5757575757575,167431.3,33486.26,133945.03999999998,111.62086666666664,2678.9007999999994,223.2417333333333,775.5,59.4,381.2374000000001,0.1366186847978843
213,https://www.immobilienscout24.de/expose/119847618,119847618,Essen,63.51,130000.0,323.0,1950.0,650.0,8450.0,4.76,6188.0,17238.0,False,11.75,2046.9217446071486,147238.0,29447.600000000002,117790.4,98.15866666666666,2355.808,196.31733333333332,746.2425,57.159,394.60749999999996,0.1608039364837881
214,https://www.immobilienscout24.de/expose/121425679,121425679,Essen,85.0,99900.0,243.0,1498.5,499.5,6493.5,4.64,4635.36,13126.86,False,11.75,1175.2941176470588,113026.86,22605.372000000003,90421.488,75.35124,1808.42976,150.70248,998.75,76.5,696.19628,0.3695738942053242
215,https://www.immobilienscout24.de/expose/121055883,121055883,Essen,200.0,750000.0,1782.0,11250.0,3750.0,48750.0,3.48,26100.0,89850.0,False,11.75,3750.0,839850.0,167970.0,671880.0,559.9,13437.6,1119.8,2350.0,180.0,490.29999999999995,0.03502768351491337
216,https://www.immobilienscout24.de/expose/118396466,118396466,Essen,126.0,449000.0,1066.0,6735.0,2245.0,29185.0,3.48,15625.2,53790.2,False,11.75,3563.4920634920636,502790.2,100558.04000000001,402232.16000000003,335.19346666666667,8044.6432,670.3869333333333,1480.5,113.4,361.5196000000001,0.04314160458974738
217,https://www.immobilienscout24.de/expose/118636340,118636340,Essen,77.0,209500.0,513.0,3142.5,1047.5,13617.5,4.06,8505.7,26313.2,False,11.75,2720.779220779221,235813.2,47162.64000000001,188650.56,157.2088,3773.0112,314.4176,904.75,69.3,363.8236,0.09257079756349516
218,https://www.immobilienscout24.de/expose/122492943,122492943,Essen,142.15,578000.0,1390.0,8670.0,2890.0,37570.0,4.64,26819.2,75949.2,False,11.75,4066.12733028491,653949.2,130789.84,523159.36,435.96613333333335,10463.1872,871.9322666666667,1670.2625,127.935,234.4291,0.021508927604774193
219,https://www.immobilienscout24.de/expose/115583199,115583199,Essen,290.0,1150000.0,2770.0,17250.0,5750.0,74750.0,4.76,54740.0,152490.0,False,11.75,3965.5172413793102,1302490.0,260498.0,1041992.0,868.3266666666667,20839.84,1736.6533333333334,3407.5,261.0,541.5199999999998,0.024945450636857085
220,https://www.immobilienscout24.de/expose/120873532,120873532,Essen,130.0,395000.0,943.0,5925.0,1975.0,25675.0,3.98,15721.0,49296.0,False,11.75,3038.4615384615386,444296.0,88859.20000000001,355436.8,296.19733333333335,7108.736,592.3946666666667,1527.5,117.0,521.908,0.0704811206943119
221,https://www.immobilienscout24.de/expose/121492699,121492699,Essen,66.22,149000.0,370.0,2235.0,745.0,9685.0,4.64,6913.6,19578.6,False,11.75,2250.0755058894592,168578.6,33715.72,134862.88,112.38573333333335,2697.2576000000004,224.7714666666667,778.085,59.598,381.32980000000003,0.1357217820055452
222,https://www.immobilienscout24.de/expose/121992639,121992639,Essen,125.0,380000.0,914.0,5700.0,1900.0,24700.0,4.64,17632.0,49932.0,False,11.75,3040.0,429932.0,85986.40000000001,343945.6,286.6213333333333,6878.911999999999,573.2426666666667,1468.75,112.5,496.3860000000001,0.06927411776746091
223,https://www.immobilienscout24.de/expose/122214523,122214523,Essen,61.46,195000.0,475.0,2925.0,975.0,12675.0,3.48,6786.0,23361.0,False,11.75,3172.795314025382,218361.0,43672.200000000004,174688.8,145.57399999999998,3493.776,291.14799999999997,722.155,55.314,230.11900000000006,0.0632307967082034
224,https://www.immobilienscout24.de/expose/121864442,121864442,Essen,137.0,399990.0,884.0,5999.85,1999.95,25999.35,0.0,0.0,33999.15,False,11.75,2919.6350364963505,433989.15,86797.83000000002,347191.32,289.3261,6943.8264,578.6522,1609.75,123.3,618.4717,0.0855051376284407
225,https://www.immobilienscout24.de/expose/114847182,114847182,Essen,104.0,444500.0,1069.0,6667.5,2222.5,28892.5,4.64,20624.8,58407.3,False,11.75,4274.038461538462,502907.3,100581.46,402325.83999999997,335.2715333333333,8046.516799999999,670.5430666666666,1222.0,93.60000000000001,122.58540000000006,0.01462520826402799
226,https://www.immobilienscout24.de/expose/110403345,110403345,Essen,168.0,915000.0,2201.0,13725.0,4575.0,59475.0,4.64,42456.0,120231.0,False,11.75,5446.428571428572,1035231.0,207046.2,828184.8,690.154,16563.696,1380.308,1974.0,151.20000000000002,-247.662,-0.014354013741860511
